station_name,city,lat,lng,departures,arrivals,net_per_morning
Grove St PATH,Jersey City,40.719410000006405,-74.04309000001531,2005,15780,52.8
River St & Newark St,Hoboken,40.736722273167864,-74.02900660352793,1436,6745,20.3
Hoboken Terminal - River St & Hudson Pl,Hoboken,40.73606765648529,-74.02912706136703,1048,6259,20.0
Bergen Ave & Sip Ave,Jersey City,40.7310088869912,-74.06443700194359,1036,5918,18.7
Hoboken Terminal - Hudson St & Hudson Pl,Hoboken,40.73593758446451,-74.03030455112457,1754,5521,14.4
Exchange Pl,Jersey City,40.71636596185034,-74.034343957901,1065,4338,12.5
South Waterfront Walkway - Sinatra Dr & 1 St,Hoboken,40.73698221819089,-74.02778059244156,1079,3963,11.0
Newport PATH,Jersey City,40.72722349999837,-74.03375890000717,2229,4303,7.9
River St & 1 St,Hoboken,40.73721535335122,-74.02886540972496,1868,3757,7.2
Journal Square,Jersey City,40.73367000000001,-74.0625,782,2612,7.0
Newark St & Washington St,Hoboken,40.736810000001306,-74.03090000000452,630,2389,6.7
Manila & 1st,Jersey City,40.72165072488115,-74.04288411140442,1549,3163,6.2
City Hall,Jersey City,40.717732499997396,-74.04384499999857,823,2378,6.0
Harborside,Jersey City,40.71925169999845,-74.03423400000032,1045,2573,5.9
Paulus Hook,Jersey City,40.71414539999857,-74.03355189999952,788,2294,5.8
Washington St,Jersey City,40.72429409999776,-74.03548260000028,1519,2736,4.7
City Hall - Washington St & 1 St,Hoboken,40.737359999999214,-74.03097000000338,1761,2933,4.5
Grand St,Jersey City,40.715177677320135,-74.03768330812454,1594,2494,3.4
Newark Ave,Jersey City,40.72152515000134,-74.04630454299786,1168,1775,2.3
Stevens - River Ter & 6 St,Hoboken,40.74313282710505,-74.02698867022991,1456,1985,2.0
Hilltop,Jersey City,40.7311689000009,-74.05757360000204,892,1410,2.0
Columbus Drive,Jersey City,40.71835519823446,-74.03891444206238,1619,2093,1.8
5 Corners Library,Jersey City,40.734961020010054,-74.0595030784607,150,615,1.8
4 St & River St,Hoboken,40.74081390000028,-74.02740620000425,1280,1722,1.7
Newport Pkwy,Jersey City,40.72874479999922,-74.03210819999973,1883,2292,1.6
Essex Light Rail,Jersey City,40.71277420000079,-74.03648569999822,957,1280,1.2
2 St & Park Ave,Hoboken,40.73915272763571,-74.0330819785595,918,1185,1.0
York St & Marin Blvd,Jersey City,40.716615000829094,-74.0424120426178,722,945,0.9
Warren St,Jersey City,40.721123600000276,-74.03805095000018,1692,1888,0.8
14 St Ferry - 14 St & Shipyard Ln,Hoboken,40.75296063046175,-74.02435272932053,2375,2543,0.6
Clinton St & Newark St,Hoboken,40.73742999999867,-74.0357099999984,1343,1382,0.1
Wade St & MLK Dr,Jersey City,40.7017,-74.08952,0,1,0.0
MLK Dr & Bayview Ave,Jersey City,40.707100000000004,-74.08335,0,1,0.0
Van Nostrand Ave & Ocean Ave,Jersey City,40.69983,-74.08416,0,0,0.0
Ocean Ave & New St,Jersey City,40.6968,-74.08862,0,0,0.0
Woodlawn Ave & Sterling Ave,Jersey City,40.7073,-74.09243,0,0,0.0
Richard St Light Rail,Jersey City,40.6990691577764,-74.07915010654774,1,0,0.0
Ferris Triangle Park,Jersey City,40.69877,-74.09215999999999,5,0,0.0
Danforth Ave & JFK Blvd,Jersey City,40.70056,-74.09474,0,0,0.0
Mallory Ave & Roosevelt Ave,Jersey City,40.722030000000004,-74.08595999999997,1,0,0.0
Jackson Square,Jersey City,40.71112999999975,-74.07890000000037,221,226,0.0
Danforth Ave & Sullivan Dr,Jersey City,40.70435999999999,-74.09810999999999,0,1,0.0
Danforth Light Rail,Jersey City,40.69277,-74.0878,3,6,0.0
Claremont Ave & JFK Blvd,Jersey City,40.71188950748607,-74.08384994659124,21,9,0.0
Culver Ave & JFK Blvd,Jersey City,40.71005000000001,-74.08575999999996,3,1,0.0
Caven Point Recreation Fields,Jersey City,40.69222,-74.08024999999999,0,0,0.0
Arlington Ave & Wilkinson Ave,Jersey City,40.70450299999997,-74.07721000000001,24,11,0.0
Madison St & 10 St,Hoboken,40.74994325412259,-74.03586477041245,38,20,-0.1
Garfield Light Rail,Jersey City,40.71052599999993,-74.07011199999992,41,20,-0.1
West Side Ave Light Rail,Jersey City,40.7149640000001,-74.08828999999982,73,45,-0.1
West Side Ave & Stegman Pkwy,Jersey City,40.71086999999992,-74.09367999999996,51,6,-0.2
Union St & Bergen Ave,Jersey City,40.71575000000001,-74.0788699999999,84,38,-0.2
Carteret Ave & Arlington Ave,Jersey City,40.70914199999986,-74.07455299999987,59,9,-0.2
Grant Ave & MLK Dr,Jersey City,40.70919832245451,-74.08084273338318,90,17,-0.3
MLK Dr & Bramhall Ave,Jersey City,40.71647000000005,-74.07413000000022,81,9,-0.3
Arlington Ave & Bramhall Ave,Jersey City,40.71322499999993,-74.07064499999981,178,19,-0.6
Union St,Jersey City,40.718211300000426,-74.08363939999983,296,61,-0.9
Bergen Ave & Stegman St,Jersey City,40.706575450634375,-74.0867006778717,268,42,-0.9
Dey St,Jersey City,40.73771100000077,-74.06692100000052,656,391,-1.0
Dr. Lena Edwards Park,Jersey City,40.71320299999963,-74.05826099999905,455,53,-1.5
Grand St & 14 St,Hoboken,40.75409000000103,-74.03159999999912,1229,850,-1.5
Church Sq Park - 5 St & Park Ave,Hoboken,40.742659332728444,-74.03223305940628,2033,1578,-1.7
Glenwood Ave,Jersey City,40.72755146729998,-74.07106071710587,774,294,-1.8
Bloomfield St & 15 St,Hoboken,40.754530000001665,-74.02658000000332,1304,812,-1.9
Jersey & 3rd,Jersey City,40.723331586462585,-74.04595255851744,1287,748,-2.1
Monroe St & 11 St,Hoboken,40.75010911285635,-74.03663674599626,1158,611,-2.1
Communipaw Ave & Pacific Ave,Jersey City,40.71135399999935,-74.0624460000002,660,80,-2.2
Leonard Gordon Park,Jersey City,40.74590996631553,-74.0572714805603,707,57,-2.5
Heights Elevator,Jersey City,40.748715945380724,-74.04044330120087,977,313,-2.5
Montgomery St,Jersey City,40.719419999999886,-74.05099000000074,1189,449,-2.8
Fairmount Ave,Jersey City,40.72572613742619,-74.07195925712585,1052,275,-3.0
4 St & Grand St,Hoboken,40.74225797756328,-74.03511106967926,2155,1315,-3.2
Christ Hospital,Jersey City,40.734785818000084,-74.05044363600038,1304,389,-3.5
Willow Ave & 12 St,Hoboken,40.75186748232566,-74.03037697076797,1889,959,-3.6
8 St & Washington St,Hoboken,40.74598388291583,-74.02819901704788,2444,1486,-3.7
Adams St & 2 St,Hoboken,40.73981372311985,-74.03690412640572,1778,806,-3.7
Dixon Mills,Jersey City,40.721630142637956,-74.04996782541275,1564,553,-3.9
Adams St & 12 St,Hoboken,40.751889392239946,-74.03329162748165,1561,547,-3.9
Communipaw & Berry Lane,Jersey City,40.714358368704346,-74.06661093235016,1213,138,-4.1
6 St & Grand St,Hoboken,40.74439783309532,-74.03450086712837,1764,705,-4.1
Jersey & 6th St,Jersey City,40.72528910781005,-74.04557168483734,1858,784,-4.1
Pershing Field,Jersey City,40.742677140999945,-74.05178863300034,1370,233,-4.4
Van Vorst Park,Jersey City,40.71848892000099,-74.04772662499664,1879,728,-4.4
Morris Canal,Jersey City,40.71241882375546,-74.03852552175522,2175,1029,-4.4
Baldwin at Montgomery,Jersey City,40.723658899999336,-74.06419430000035,1643,458,-4.5
Riverview Park,Jersey City,40.74431870000121,-74.04399090000042,1510,280,-4.7
Clinton St & 7 St,Hoboken,40.7454200000013,-74.0333199999945,2473,1208,-4.8
Columbus Park - Clinton St & 9 St,Hoboken,40.7481612106499,-74.0324530005455,3433,2168,-4.8
Bergen Ave,Jersey City,40.72210378668552,-74.07145500183105,1678,408,-4.9
Astor Place,Jersey City,40.71928220070616,-74.07126188278198,1412,102,-5.0
Southwest Park - Jackson St & Observer Hwy,Hoboken,40.73755127245827,-74.04166370630264,2552,1243,-5.0
12 St & Sinatra Dr N,Hoboken,40.75060414236776,-74.02402013540268,2446,1121,-5.1
Marshall St & 2 St,Hoboken,40.74080199999748,-74.04252100000063,2349,958,-5.3
Monmouth & 6th,Jersey City,40.725685483630116,-74.04879033565521,2179,775,-5.4
9 St HBLR - Jackson St & 8 St,Hoboken,40.74790720968766,-74.03841152787209,3032,1590,-5.5
Oakland Ave,Jersey City,40.73760370000136,-74.05247830000006,1859,404,-5.6
7 St & Monroe St,Hoboken,40.7464126483794,-74.03797701001167,2774,1253,-5.8
Lafayette Park,Jersey City,40.71346382669173,-74.06285852193832,1823,284,-5.9
McGinley Square,Jersey City,40.72533992535403,-74.06762212514877,2667,1111,-6.0
Lincoln Park,Jersey City,40.72460509988589,-74.07840594649315,1897,249,-6.3
11 St & Washington St,Hoboken,40.74998490907408,-74.02715027332306,2952,1304,-6.3
Madison St & 1 St,Hoboken,40.73879000000234,-74.03930000000274,2623,949,-6.4
Hoboken Ave at Monmouth St,Jersey City,40.735208380451475,-74.04696375131607,2665,965,-6.5
JC Medical Center,Jersey City,40.71539114316797,-74.04969155788422,2494,804,-6.5
Mama Johnson Field - 4 St & Jackson St,Hoboken,40.74313993965792,-74.04004096984863,2096,357,-6.7
Brunswick & 6th,Jersey City,40.72601172964429,-74.05038893222809,2500,582,-7.3
Liberty Light Rail,Jersey City,40.71124230000052,-74.05570129999955,2761,762,-7.7
Marin Light Rail,Jersey City,40.71458403536154,-74.04281705617905,3245,1088,-8.3
Brunswick St,Jersey City,40.72417650000163,-74.05065640000034,2988,718,-8.7
Hamilton Park,Jersey City,40.727595965998596,-74.04424731099863,4373,1848,-9.7
