dow,hour,avg_rides
1,0,20.0
1,1,9.5
1,2,5.4
1,3,3.2
1,4,9.4
1,5,32.0
1,6,90.2
1,7,168.2
1,8,207.8
1,9,109.5
1,10,88.5
1,11,97.2
1,12,108.8
1,13,108.8
1,14,119.0
1,15,147.3
1,16,191.2
1,17,302.6
1,18,285.2
1,19,192.9
1,20,128.1
1,21,87.5
1,22,53.2
1,23,32.0
2,0,15.2
2,1,6.6
2,2,4.0
2,3,2.2
2,4,13.4
2,5,40.1
2,6,115.8
2,7,215.2
2,8,262.3
2,9,118.0
2,10,84.6
2,11,91.0
2,12,104.4
2,13,106.9
2,14,115.8
2,15,148.0
2,16,202.5
2,17,343.0
2,18,324.0
2,19,212.5
2,20,142.5
2,21,97.8
2,22,64.9
2,23,34.0
3,0,17.8
3,1,10.5
3,2,5.0
3,3,3.0
3,4,10.5
3,5,38.2
3,6,105.9
3,7,203.6
3,8,258.6
3,9,123.5
3,10,89.2
3,11,96.4
3,12,112.4
3,13,108.2
3,14,122.1
3,15,154.1
3,16,198.9
3,17,321.6
3,18,297.8
3,19,199.5
3,20,132.6
3,21,92.9
3,22,64.7
3,23,36.7
4,0,21.3
4,1,9.3
4,2,5.2
4,3,2.9
4,4,11.8
4,5,34.1
4,6,96.9
4,7,196.8
4,8,259.4
4,9,130.0
4,10,97.2
4,11,101.5
4,12,120.1
4,13,118.5
4,14,125.5
4,15,163.5
4,16,203.2
4,17,317.5
4,18,308.8
4,19,211.3
4,20,140.8
4,21,106.7
4,22,78.2
4,23,49.5
5,0,28.4
5,1,13.7
5,2,7.4
5,3,4.4
5,4,10.7
5,5,31.0
5,6,88.7
5,7,163.3
5,8,200.3
5,9,132.8
5,10,110.6
5,11,127.0
5,12,145.8
5,13,156.2
5,14,171.0
5,15,200.3
5,16,242.8
5,17,302.8
5,18,271.9
5,19,199.2
5,20,137.9
5,21,110.0
5,22,95.7
5,23,80.2
6,0,56.7
6,1,37.8
6,2,26.1
6,3,15.2
6,4,9.8
6,5,12.0
6,6,22.9
6,7,58.7
6,8,99.9
6,9,151.2
6,10,178.5
6,11,203.0
6,12,205.5
6,13,198.2
6,14,189.1
6,15,188.0
6,16,187.6
6,17,185.8
6,18,174.9
6,19,148.4
6,20,118.2
6,21,91.8
6,22,77.9
6,23,72.3
7,0,56.7
7,1,41.1
7,2,29.6
7,3,16.8
7,4,8.8
7,5,11.2
7,6,20.4
7,7,44.3
7,8,75.6
7,9,117.0
7,10,152.1
7,11,172.4
7,12,174.8
7,13,178.0
7,14,167.6
7,15,170.0
7,16,171.7
7,17,171.9
7,18,148.5
7,19,130.6
7,20,93.3
7,21,68.3
7,22,50.7
7,23,33.1
