station_name,city,departures,arrivals,total_activity
Grove St PATH,Jersey City,45098,47742,92840
Hoboken Terminal - Hudson St & Hudson Pl,Hoboken,25958,26638,52596
Hamilton Park,Jersey City,22306,22347,44653
River St & Newark St,Hoboken,21483,22113,43596
Newport PATH,Jersey City,20696,20698,41394
Bergen Ave & Sip Ave,Jersey City,20469,20357,40826
Exchange Pl,Jersey City,20052,20142,40194
11 St & Washington St,Hoboken,19556,19501,39057
River St & 1 St,Hoboken,19205,18515,37720
Newport Pkwy,Jersey City,18765,18704,37469
14 St Ferry - 14 St & Shipyard Ln,Hoboken,18695,18337,37032
City Hall - Washington St & 1 St,Hoboken,18364,18479,36843
Columbus Park - Clinton St & 9 St,Hoboken,18279,18120,36399
8 St & Washington St,Hoboken,18132,17919,36051
Hoboken Ave at Monmouth St,Jersey City,17800,17954,35754
